,buildingaddress,buildingsize,greenmarkrating,EUI,year,postal,latitude,longtitude
0,"137 MARKET STREET, SINGAPORE 048943",Small,GoldPlus,115.42,2020,48943,1.282229575,103.8505194
1,"137 MARKET STREET, SINGAPORE 048943",Small,GoldPlus,165.5217634194831,2019,48943,1.282229575,103.8505194
2,"1 HARBOURFRONT WALK, SINGAPORE 098585",Large,Platinum,394.04,2020,98585,1.264304765,103.8223086
3,"1 HARBOURFRONT WALK, SINGAPORE 098585",Large,Platinum,502.30009996289897,2019,98585,1.264304765,103.8223086
4,"144 UPPER BUKIT TIMAH ROAD, SINGAPORE 588177",Large,GoldPlus,124.2,2020,588177,1.342412642,103.7765394
5,"144 UPPER BUKIT TIMAH ROAD, SINGAPORE 588177",Large,GoldPlus,134.83106123704508,2019,588177,1.342412642,103.7765394
6,"140 HILL STREET, SINGAPORE 179369",Large,Platinum,130.4,2020,179369,1.29076548,103.8482016
7,"140 HILL STREET, SINGAPORE 179369",Large,Platinum,143.67204346328958,2019,179369,1.29076548,103.8482016
8,"1500 BENDEMEER ROAD, SINGAPORE 339946",Large,Platinum,145.51,2020,339946,1.32630295,103.8690356
9,"1500 BENDEMEER ROAD, SINGAPORE 339946",Large,Platinum,136.06280837858804,2019,339946,1.32630295,103.8690356
10,"12 QUEEN STREET, SINGAPORE 188553",Small,Gold,192.91,2020,188553,1.297550852,103.8522336
11,"12 QUEEN STREET, SINGAPORE 188553",Large,Gold,225.59637883008355,2019,188553,1.297550852,103.8522336
12,"133 CECIL STREET, SINGAPORE 069535",Large,Certified,120.44,2020,69535,1.280236094,103.849
13,"133 CECIL STREET, SINGAPORE 069535",Large,Certified,143.5838760699665,2019,69535,1.280236094,103.849
14,"1 RAFFLES LINK, SINGAPORE 039393",Large,Platinum,296.75,2020,39393,1.292777731,103.8541735
15,"1 RAFFLES LINK, SINGAPORE 039393",Large,GoldPlus,376.34125551267914,2019,39393,1.292777731,103.8541735
16,"300 BEACH ROAD, SINGAPORE 199555",Large,Platinum,110.68,2020,199555,1.301047423,103.8626261
17,"300 BEACH ROAD, SINGAPORE 199555",Large,Platinum,134.0308265482754,2019,199555,1.301047423,103.8626261
18,"1 ROBINSON ROAD, SINGAPORE 048542",Large,Certified,191.06,2020,48542,1.281979637,103.851115
19,"1 ROBINSON ROAD, SINGAPORE 048542",Large,Certified,217.50634982979838,2019,48542,1.281979637,103.851115
20,"371 ALEXANDRA ROAD, SINGAPORE 159963",Large,Certified,194.36,2020,159963,1.284737497,103.8025752
21,"371 ALEXANDRA ROAD, SINGAPORE 159963",Large,Certified,226.6495260264752,2019,159963,1.284737497,103.8025752
22,"20 HARBOUR DRIVE, SINGAPORE 117612",Large,Certified,122.55,2020,117612,1.283084826,103.7793515
23,"20 HARBOUR DRIVE, SINGAPORE 117612",Large,Certified,150.75438708288482,2019,117612,1.283084826,103.7793515
24,"1 MARITIME SQUARE, SINGAPORE 099253",Large,Platinum,184.46,2020,99253,1.263969912,103.8202433
25,"1 MARITIME SQUARE, SINGAPORE 099253",Large,Platinum,226.32716980798574,2019,99253,1.263969912,103.8202433
26,"133 NEW BRIDGE ROAD, SINGAPORE 059413",Large,Certified,314.99,2020,59413,1.284998828,103.8446971
27,"133 NEW BRIDGE ROAD, SINGAPORE 059413",Large,Certified,356.302471566139,2019,59413,1.284998828,103.8446971
28,"150 ORCHARD ROAD, SINGAPORE 238841",Large,GoldPlus,152.57,2020,238841,1.301257294,103.8411501
29,"150 ORCHARD ROAD, SINGAPORE 238841",Large,GoldPlus,211.65443240338547,2019,238841,1.301257294,103.8411501
30,"35 ROBINSON ROAD, SINGAPORE 068876",Small,Platinum,281.89,2020,68876,1.279921972,103.8496548
31,"35 ROBINSON ROAD, SINGAPORE 068876",Large,Platinum,328.76128859060407,2019,68876,1.279921972,103.8496548
32,"930 YISHUN AVENUE 2, SINGAPORE 769098",Large,Gold,532.99,2020,769098,1.429698486,103.8357765
33,"930 YISHUN AVENUE 2, SINGAPORE 769098",Large,Gold,587.6956248212754,2019,769098,1.429698486,103.8357765
34,"501 ORCHARD ROAD, SINGAPORE 238880",Large,Gold,233.38,2020,238880,1.304676287,103.830642
35,"501 ORCHARD ROAD, SINGAPORE 238880",Large,Gold,260.3949630314233,2019,238880,1.304676287,103.830642
36,"313 ORCHARD ROAD, SINGAPORE 238895",Large,Platinum,424.9,2020,238895,1.301014355,103.8383607
37,"313 ORCHARD ROAD, SINGAPORE 238895",Large,Platinum,523.1601859043419,2019,238895,1.301014355,103.8383607
38,"50 RAFFLES PLACE, SINGAPORE 048623",Large,GoldPlus,211.03,2020,48623,1.2846977,103.8521332
39,"20 MCCALLUM STREET, SINGAPORE 069046",Small,GoldPlus,151.96,2020,69046,1.279582361,103.8479184
40,"20 MCCALLUM STREET, SINGAPORE 069046",Small,GoldPlus,164.9548224388249,2019,69046,1.279582361,103.8479184
41,"1 RAFFLES QUAY, SINGAPORE 048583",Large,Platinum,192.61,2020,48583,1.281183387,103.8518998
42,"1 RAFFLES QUAY, SINGAPORE 048583",Large,Platinum,290.44426094137077,2019,48583,1.281183387,103.8518998
43,"1 NORTH BRIDGE ROAD, SINGAPORE 179094",Large,Platinum,92.42,2020,179094,1.289988696,103.8492171
44,"1 NORTH BRIDGE ROAD, SINGAPORE 179094",Large,Platinum,111.43438581395353,2019,179094,1.289988696,103.8492171
45,"25 INTERNATIONAL BUSINESS PARK, SINGAPORE 609916",Large,Platinum,99.25,2020,609916,1.325199523,103.7463772
46,"25 INTERNATIONAL BUSINESS PARK, SINGAPORE 609916",Large,Platinum,112.88583899229444,2019,609916,1.325199523,103.7463772
47,"77 ROBINSON ROAD, SINGAPORE 068896",Large,Gold,128.45,2020,68896,1.277752784,103.8484289
48,"77 ROBINSON ROAD, SINGAPORE 068896",Large,Gold,153.25282732035726,2019,68896,1.277752784,103.8484289
49,"307 ALEXANDRA ROAD, SINGAPORE 159943",Large,Platinum,77.49,2020,159943,1.289079119,103.8068826
50,"307 ALEXANDRA ROAD, SINGAPORE 159943",Large,Platinum,80.492581361835,2019,159943,1.289079119,103.8068826
51,"200 CANTONMENT ROAD, SINGAPORE 089763",Large,Certified,124.31,2020,89763,1.273444562,103.8412516
52,"333 ORCHARD ROAD, SINGAPORE 238867",Omit,Gold,179.68,2020,238867,1.302064506,103.836341
53,"333 ORCHARD ROAD, SINGAPORE 238867",Large,Certified,215.31124667605192,2019,238867,1.302064506,103.836341
54,"400 ORCHARD ROAD, SINGAPORE 238875",Large,Certified,123.42,2020,238875,1.306977966,103.8292141
55,"400 ORCHARD ROAD, SINGAPORE 238875",Large,Certified,148.91108902333622,2019,238875,1.306977966,103.8292141
56,"1 BAYFRONT AVENUE, SINGAPORE 018971",Omit,Platinum,243.05,2020,18971,1.283466185,103.8606034
57,"1 BAYFRONT AVENUE, SINGAPORE 018971",Large,Platinum,301.89381012568975,2019,18971,1.283466185,103.8606034
58,"190 CLEMENCEAU AVENUE, SINGAPORE 239924",Small,Gold,146.2,2020,239924,1.298152654,103.8441113
59,"190 CLEMENCEAU AVENUE, SINGAPORE 239924",Small,Gold,178.60312100213218,2019,239924,1.298152654,103.8441113
60,"390 ORCHARD ROAD, SINGAPORE 238871",Large,Platinum,154.95,2020,238871,1.306654845,103.829588
61,"390 ORCHARD ROAD, SINGAPORE 238871",Large,Platinum,187.7887393123522,2019,238871,1.306654845,103.829588
62,"6 IRRAWADDY ROAD, SINGAPORE 329543",Small,Platinum,263.54,2020,329543,1.326147856,103.8455451
63,"10 PASIR PANJANG ROAD, SINGAPORE 117438",Large,Platinum,142.08,2020,117438,1.274827492,103.7990648
64,"10 PASIR PANJANG ROAD, SINGAPORE 117438",Large,Platinum,164.74974897993118,2019,117438,1.274827492,103.7990648
65,"8 MARINA BOULEVARD, SINGAPORE 018981",Omit,Platinum,154.17,2020,18981,1.279468112,103.8537496
66,"8 MARINA BOULEVARD, SINGAPORE 018981",Large,Platinum,202.00058189757183,2019,18981,1.279468112,103.8537496
67,"5 CHANGI BUSINESS PARK VISTA, SINGAPORE 486040",Large,Platinum,495.97,2020,486040,1.337779098,103.9659027
68,"321 CLEMENTI AVENUE 3, SINGAPORE 129905",Small,Platinum,249.76,2020,129905,1.31200212,103.7649867
69,"321 CLEMENTI AVENUE 3, SINGAPORE 129905",Small,Platinum,319.3111316763617,2019,129905,1.31200212,103.7649867
70,"30 ORANGE GROVE ROAD, SINGAPORE 258352",Large,GoldPlus,79.56,2020,258352,1.312845275,103.826084
71,"30 ORANGE GROVE ROAD, SINGAPORE 258352",Large,GoldPlus,97.00176045839933,2019,258352,1.312845275,103.826084
72,"100 JALAN SULTAN, SINGAPORE 199001",Large,Gold,175.83,2020,199001,1.302945235,103.8618518
73,"3 KILLINEY ROAD, SINGAPORE 239519",Large,Platinum,117.23,2020,239519,1.299622138,103.8402866
74,"3 KILLINEY ROAD, SINGAPORE 239519",Large,GoldPlus,138.120506293042,2019,239519,1.299622138,103.8402866
75,"163 PENANG ROAD, SINGAPORE 238463",Large,GoldPlus,167.74,2020,238463,1.299540558,103.8409311
76,"163 PENANG ROAD, SINGAPORE 238463",Large,GoldPlus,182.7908449406536,2019,238463,1.299540558,103.8409311
77,"10 COLEMAN STREET, SINGAPORE 179809",Large,Platinum,154.19,2020,179809,1.292650883,103.8502169
78,"10 COLEMAN STREET, SINGAPORE 179809",Large,Platinum,189.68745282091606,2019,179809,1.292650883,103.8502169
79,"112 ROBINSON ROAD, SINGAPORE 068902",Small,Platinum,133.9,2020,68902,1.279282329,103.8488164
80,"1 TANGLIN ROAD, SINGAPORE 247905",Large,Gold,219.6,2020,247905,1.306613308,103.8277641
81,"1 TANGLIN ROAD, SINGAPORE 247905",Large,Gold,240.61845669055032,2019,247905,1.306613308,103.8277641
82,"158 CECIL STREET, SINGAPORE 069545",Small,Gold,137.51,2020,69545,1.279788786,103.8480433
83,"158 CECIL STREET, SINGAPORE 069545",Small,Gold,202.94831092928112,2019,69545,1.279788786,103.8480433
84,"317 OUTRAM ROAD, SINGAPORE 169075",Large,GoldPlus,169.19,2020,169075,1.288967635,103.8341882
85,"317 OUTRAM ROAD, SINGAPORE 169075",Large,GoldPlus,212.63323137559675,2019,169075,1.288967635,103.8341882
86,"51 CHANGI BUSINESS PARK CENTRAL 2, SINGAPORE 486066",Large,Gold,122.0,2020,486066,1.334960464,103.9654453
87,"51 CHANGI BUSINESS PARK CENTRAL 2, SINGAPORE 486066",Large,Certified,138.02386711664207,2019,486066,1.334960464,103.9654453
88,"1 ROCHOR CANAL ROAD, SINGAPORE 188504",Large,Gold,259.91,2020,188504,1.303024276,103.8530378
89,"165 TANJONG PAGAR ROAD, SINGAPORE 088539",Large,GoldPlus,288.81,2020,88539,1.274927658,103.8435495
90,"165 TANJONG PAGAR ROAD, SINGAPORE 088539",Large,GoldPlus,345.35494704598693,2019,88539,1.274927658,103.8435495
91,"60 EU TONG SEN STREET, SINGAPORE 059804",Large,Platinum,194.83,2020,59804,1.286473566,103.8445885
92,"60 EU TONG SEN STREET, SINGAPORE 059804",Large,Platinum,233.64061956143405,2019,59804,1.286473566,103.8445885
93,"10 SCOTTS ROAD, SINGAPORE 228211",Large,Gold,159.59,2020,228211,1.306345338,103.8332833
94,"3 CHURCH STREET, SINGAPORE 049483",Large,GoldPlus,176.38,2020,49483,1.283263223,103.8496265
95,"2 ORCHARD TURN, SINGAPORE 238801",Large,Gold,403.39,2020,238801,1.303980548,103.8320321
96,"2 ORCHARD TURN, SINGAPORE 238801",Large,Gold,475.02112337974074,2019,238801,1.303980548,103.8320321
97,"61 STAMFORD ROAD, SINGAPORE 178892",Small,Platinum,146.64,2020,178892,1.294428856,103.8502264
98,"10 FARRER PARK STATION ROAD, SINGAPORE 217564",Small,GoldPlus,441.85,2020,217564,1.311979798,103.8547786
99,"2 MAGAZINE ROAD, SINGAPORE 059573",Small,Platinum,228.91,2020,59573,1.289136974,103.8420108
100,"2 MAGAZINE ROAD, SINGAPORE 059573",Large,Platinum,268.1876898922176,2019,59573,1.289136974,103.8420108
101,"36 ROBINSON ROAD, SINGAPORE 068877",Large,Platinum,106.92,2020,68877,1.2812202,103.8497983
102,"36 ROBINSON ROAD, SINGAPORE 068877",Large,Platinum,124.87134291377602,2019,68877,1.2812202,103.8497983
103,"22 ORANGE GROVE ROAD, SINGAPORE 258350",Large,Gold,264.74,2020,258350,1.311224382,103.8267881
104,"22 ORANGE GROVE ROAD, SINGAPORE 258350",Large,Gold,353.3166455481815,2019,258350,1.311224382,103.8267881
105,"65 CHULIA STREET, SINGAPORE 049513",Large,Gold,172.67,2020,49513,1.285034139,103.8491028
106,"65 CHULIA STREET, SINGAPORE 049513",Large,Gold,199.94273365388457,2019,49513,1.285034139,103.8491028
107,"63 CHULIA STREET, SINGAPORE 049514",Large,Gold,146.57,2020,49514,1.284890391,103.8496656
108,"63 CHULIA STREET, SINGAPORE 049514",Large,Gold,186.3933963939959,2019,49514,1.284890391,103.8496656
109,"9 CHANGI BUSINESS PARK VISTA, SINGAPORE 486041",Small,Platinum,148.66,2020,486041,1.338516055,103.9647804
110,"9 CHANGI BUSINESS PARK VISTA, SINGAPORE 486041",Small,Platinum,156.73737761416152,2019,486041,1.338516055,103.9647804
111,"21 MEDIA CIRCLE, SINGAPORE 138562",Large,GoldPlus,297.46,2020,138562,1.292384244,103.7946858
112,"1 FUSIONOPOLIS VIEW, SINGAPORE 138577",Large,Platinum,256.61,2020,138577,1.299941797,103.7894043
113,"1 FUSIONOPOLIS VIEW, SINGAPORE 138577",Large,Platinum,277.537975105579,2019,138577,1.299941797,103.7894043
114,"79 ANSON ROAD, SINGAPORE 079906",Large,GoldPlus,128.24,2020,79906,1.274098093,103.8456692
115,"79 ANSON ROAD, SINGAPORE 079906",Large,GoldPlus,155.2377711605747,2019,79906,1.274098093,103.8456692
116,"9 NORTH BUONA VISTA DRIVE, SINGAPORE 138588",Large,Platinum,172.0,2020,138588,1.306245568,103.7912375
117,"9 NORTH BUONA VISTA DRIVE, SINGAPORE 138588",Large,Platinum,211.97900015984655,2019,138588,1.306245568,103.7912375
118,"9 CHANGI BUSINESS PARK CRESCENT, SINGAPORE 486005",Large,Gold,89.71,2020,486005,1.335188612,103.9672637
119,"9 CHANGI BUSINESS PARK CRESCENT, SINGAPORE 486005",Large,Gold,116.75954260822216,2019,486005,1.335188612,103.9672637
120,"7 CHANGI BUSINESS PARK CRESCENT, SINGAPORE 486028",Large,Platinum,165.19,2020,486028,1.334835405,103.9665714
121,"7 CHANGI BUSINESS PARK CRESCENT, SINGAPORE 486028",Large,Platinum,186.35292325306546,2019,486028,1.334835405,103.9665714
122,"21 CHOA CHU KANG AVENUE 4, SINGAPORE 689812",Large,Gold,471.41,2020,689812,1.384974597,103.7450118
123,"9 INTERNATIONAL BUSINESS PARK, SINGAPORE 609915",Small,Gold,805.56,2020,609915,1.324800204,103.7502709
124,"9 INTERNATIONAL BUSINESS PARK, SINGAPORE 609915",Small,Gold,768.096875,2019,609915,1.324800204,103.7502709
125,"28 CAVENAGH ROAD, SINGAPORE 229635",Small,Legislated,228.42,2020,229635,1.301459858,103.8419319
126,"28 CAVENAGH ROAD, SINGAPORE 229635",Large,Certified,303.58973366322226,2019,229635,1.301459858,103.8419319
127,"3 UPPER PICKERING STREET, SINGAPORE 058289",Large,Platinum,270.09,2020,58289,1.285639142,103.8462903
128,"3 UPPER PICKERING STREET, SINGAPORE 058289",Large,Platinum,320.87446539159,2019,58289,1.285639142,103.8462903
129,"1 GATEWAY DRIVE, SINGAPORE 608531",Omit,Platinum,289.33,2020,608531,1.334599257,103.7429445
130,"1 GATEWAY DRIVE, SINGAPORE 608531",Large,Platinum,337.8161484805308,2019,608531,1.334599257,103.7429445
131,"87 SCIENCE PARK DRIVE, SINGAPORE 118260",Small,Certified,51.4,2020,118260,1.287743586,103.7903699
132,"87 SCIENCE PARK DRIVE, SINGAPORE 118260",Small,Certified,60.7947737704918,2019,118260,1.287743586,103.7903699
133,"89 SCIENCE PARK DRIVE, SINGAPORE 118261",Large,Certified,163.41,2020,118261,1.28798116,103.7913399
134,"89 SCIENCE PARK DRIVE, SINGAPORE 118261",Large,Certified,184.67233877773916,2019,118261,1.28798116,103.7913399
135,"3 FUSIONOPOLIS LINK, SINGAPORE 138543",Large,Platinum,19.96,2020,138543,1.298694761,103.7897785
136,"3 FUSIONOPOLIS LINK, SINGAPORE 138543",Large,Platinum,23.484033712269696,2019,138543,1.298694761,103.7897785
137,"8 BIOMEDICAL GROVE, SINGAPORE 138665",Omit,Gold,303.68,2020,138665,1.302173852,103.7935452
138,"10 SHENTON WAY, SINGAPORE 079117",Large,Platinum,116.38,2020,79117,1.274721727,103.8466523
139,"10 SHENTON WAY, SINGAPORE 079117",Large,Platinum,129.73090551751622,2019,79117,1.274721727,103.8466523
140,"382 HAVELOCK ROAD, SINGAPORE 169629",Large,Gold,218.94,2020,169629,1.289370994,103.8366038
141,"382 HAVELOCK ROAD, SINGAPORE 169629",Large,Gold,290.12442505571624,2019,169629,1.289370994,103.8366038
142,"11 OUTRAM ROAD, SINGAPORE 169078",Large,Platinum,447.36,2020,169078,1.280405822,103.8384762
143,"11 OUTRAM ROAD, SINGAPORE 169078",Large,GoldPlus,454.46377574635505,2019,169078,1.280405822,103.8384762
144,"23 CHURCH STREET, SINGAPORE 049481",Large,GoldPlus,298.43,2020,49481,1.283824792,103.8489432
145,"23 CHURCH STREET, SINGAPORE 049481",Large,GoldPlus,348.24342468781083,2019,49481,1.283824792,103.8489432
146,"8 CLAYMORE HILL, SINGAPORE 229572",Small,Gold,215.22,2020,229572,1.307634922,103.8320381
147,"8 CLAYMORE HILL, SINGAPORE 229572",Large,Gold,198.73437772361328,2019,229572,1.307634922,103.8320381
148,"71 ROBINSON ROAD, SINGAPORE 068895",Large,Gold,177.1,2020,68895,1.278383948,103.848813
149,"71 ROBINSON ROAD, SINGAPORE 068895",Large,Gold,226.69302171115447,2019,68895,1.278383948,103.848813
150,"41 SCIENCE PARK ROAD, SINGAPORE 117610",Large,Certified,277.19,2020,117610,1.288743386,103.7828358
151,"51 SCIENCE PARK ROAD, SINGAPORE 117586",Small,Certified,752.78,2020,117586,1.287410313,103.7831007
152,"17 CHANGI BUSINESS PARK CENTRAL 1, SINGAPORE 486073",Large,Certified,100.6,2020,486073,1.337264752,103.9656419
153,"3 CHANGI BUSINESS PARK VISTA, SINGAPORE 486051",Large,Gold,85.46,2020,486051,1.336794707,103.9672542
154,"3 CHANGI BUSINESS PARK VISTA, SINGAPORE 486051",Large,Gold,98.48087126137841,2019,486051,1.336794707,103.9672542
155,"1 CHANGI BUSINESS PARK CRESCENT, SINGAPORE 486025",Large,Gold,129.1,2020,486025,1.333382008,103.9656862
156,"1 CHANGI BUSINESS PARK CRESCENT, SINGAPORE 486025",Large,Gold,158.3170652842727,2019,486025,1.333382008,103.9656862
157,"1 CHANGI BUSINESS PARK CENTRAL 1, SINGAPORE 486036",Large,GoldPlus,199.87,2020,486036,1.333525821,103.9625765
158,"1 CHANGI BUSINESS PARK CENTRAL 1, SINGAPORE 486036",Large,GoldPlus,226.37300444082183,2019,486036,1.333525821,103.9625765
159,"1 CHANGI BUSINESS PARK AVENUE 1, SINGAPORE 486058",Small,Certified,128.42,2020,486058,1.33675304,103.9637134
160,"2 CHANGI BUSINESS PARK CRESCENT, SINGAPORE 486029",Large,Platinum,298.51,2020,486029,1.332704396,103.964806
161,"2 CHANGI BUSINESS PARK CRESCENT, SINGAPORE 486029",Large,Platinum,319.81025945221023,2019,486029,1.332704396,103.964806
162,"15 BEACH ROAD, SINGAPORE 189677",Small,Platinum,125.61,2020,189677,1.295816521,103.8555034
163,"15 BEACH ROAD, SINGAPORE 189677",Small,Platinum,164.49773764506455,2019,189677,1.295816521,103.8555034
164,"442 ORCHARD ROAD, SINGAPORE 238879",Large,GoldPlus,276.97,2020,238879,1.307442858,103.8287767
165,"442 ORCHARD ROAD, SINGAPORE 238879",Large,Gold,365.26044855659114,2019,238879,1.307442858,103.8287767
166,"302 TIONG BAHRU ROAD, SINGAPORE 168732",Omit,Platinum,348.83,2020,168732,1.286458895,103.8270153
167,"1 PASIR RIS CENTRAL STREET 3, SINGAPORE 518457",Large,Platinum,522.36,2020,518457,1.372449817,103.9497157
168,"1 PASIR RIS CENTRAL STREET 3, SINGAPORE 518457",Large,Platinum,568.0606088059432,2019,518457,1.372449817,103.9497157
169,"70 BIOPOLIS STREET, SINGAPORE 138547",Large,Gold,280.22,2020,138547,1.302918032,103.7919357
170,"70 BIOPOLIS STREET, SINGAPORE 138547",Large,Gold,285.60021670713064,2019,138547,1.302918032,103.7919357
171,"15 SCIENCE CENTRE ROAD, SINGAPORE 609081",Large,GoldPlus,159.77,2020,609081,1.332838733,103.7358206
172,"15 SCIENCE CENTRE ROAD, SINGAPORE 609081",Large,GoldPlus,221.0287097392638,2019,609081,1.332838733,103.7358206
173,"81 ANSON ROAD, SINGAPORE 079908",Large,GoldPlus,161.23,2020,79908,1.273687858,103.8450583
174,"81 ANSON ROAD, SINGAPORE 079908",Large,GoldPlus,209.80173943866205,2019,79908,1.273687858,103.8450583
175,"39 ROBINSON ROAD, SINGAPORE 068911",Large,Gold,151.24,2020,68911,1.279591913,103.8495472
176,"39 ROBINSON ROAD, SINGAPORE 068911",Large,Certified,189.22008394810481,2019,68911,1.279591913,103.8495472
177,"7 WALLICH STREET, SINGAPORE 078884",Large,Platinum,326.89,2020,78884,1.276724927,103.8451554
178,"7 WALLICH STREET, SINGAPORE 078884",Large,Platinum,252.20771472179825,2019,78884,1.276724927,103.8451554
179,"8 CROSS STREET, SINGAPORE 048424",Large,Gold,124.07,2020,48424,1.282407472,103.8490238
180,"10 COLLYER QUAY, SINGAPORE 049315",Large,Platinum,184.6,2020,49315,1.283204752,103.8519096
181,"10 COLLYER QUAY, SINGAPORE 049315",Large,Platinum,210.36081996416365,2019,49315,1.283204752,103.8519096
182,"6 RAFFLES BOULEVARD, SINGAPORE 039594",Omit,Certified,147.53,2020,39594,1.291573957,103.857027
183,"200 MIDDLE ROAD, SINGAPORE 188980",Small,Legislated,327.08,2020,188980,1.300916397,103.8515065
184,"200 MIDDLE ROAD, SINGAPORE 188980",Large,Certified,408.29765482695814,2019,188980,1.300916397,103.8515065
185,"238 THOMSON ROAD, SINGAPORE 307683",Omit,GoldPlus,482.91,2020,307683,1.319967484,103.8438506
186,"1 CUSCADEN ROAD, SINGAPORE 249715",Large,GoldPlus,228.78,2020,249715,1.304651583,103.8249079
187,"1 GRANGE ROAD, SINGAPORE 239693",Small,Gold,190.05,2020,239693,1.301398809,103.8373592
188,"1 GRANGE ROAD, SINGAPORE 239693",Small,Gold,258.6832024656931,2019,239693,1.301398809,103.8373592
189,"1 AVIATION DRIVE, SINGAPORE 499867",Large,Platinum,129.43,2020,499867,1.388319971,103.9903138
190,"1 AVIATION DRIVE, SINGAPORE 499867",Large,Platinum,144.24409871244634,2019,499867,1.388319971,103.9903138
191,"541 ORCHARD ROAD, SINGAPORE 238881",Large,Gold,187.74,2020,238881,1.305087227,103.8307226
192,"541 ORCHARD ROAD, SINGAPORE 238881",Large,Gold,215.07876516216356,2019,238881,1.305087227,103.8307226
193,"350 ORCHARD ROAD, SINGAPORE 238868",Large,Gold,225.99,2020,238868,1.305809784,103.8315073
194,"350 ORCHARD ROAD, SINGAPORE 238868",Large,Gold,258.1194544120046,2019,238868,1.305809784,103.8315073
195,"1 SCOTTS ROAD, SINGAPORE 228208",Large,Gold,317.64,2020,228208,1.306113347,103.8319706
196,"1 SCOTTS ROAD, SINGAPORE 228208",Large,Gold,360.0263562861819,2019,228208,1.306113347,103.8319706
197,"4 TAMPINES CENTRAL 5, SINGAPORE 529510",Large,GoldPlus,460.46,2020,529510,1.352527373,103.9446988
198,"4 TAMPINES CENTRAL 5, SINGAPORE 529510",Large,GoldPlus,529.6113247636248,2019,529510,1.352527373,103.9446988
199,"1 EXPO DRIVE, SINGAPORE 486150",Large,GoldPlus,103.59,2020,486150,1.333373769,103.9569827
200,"1 EXPO DRIVE, SINGAPORE 486150",Large,GoldPlus,71.69889099642958,2019,486150,1.333373769,103.9569827
201,"53 MOHAMED SULTAN ROAD, SINGAPORE 238993",Small,Legislated,346.57,2020,238993,1.292023299,103.8402302
202,"53 MOHAMED SULTAN ROAD, SINGAPORE 238993",Small,Certified,358.2094635488308,2019,238993,1.292023299,103.8402302
203,"57 MOHAMED SULTAN ROAD, SINGAPORE 238997",Small,Legislated,41.08,2020,238997,1.29195461,103.8396074
204,"57 MOHAMED SULTAN ROAD, SINGAPORE 238997",Small,Certified,55.564384858044164,2019,238997,1.29195461,103.8396074
205,"59 MOHAMED SULTAN ROAD, SINGAPORE 238999",Small,Legislated,27.14,2020,238999,1.291955375,103.8395994
206,"61 MOHAMED SULTAN ROAD, SINGAPORE 239001",Small,Legislated,120.24,2020,239001,1.291955375,103.8395994
207,"61 MOHAMED SULTAN ROAD, SINGAPORE 239001",Small,Certified,157.30574009996155,2019,239001,1.291955375,103.8395994
208,"756 UPPER SERANGOON ROAD, SINGAPORE 534626",Small,Gold,130.03,2020,534626,1.353480883,103.8788284
209,"756 UPPER SERANGOON ROAD, SINGAPORE 534626",Small,Gold,136.81926054437506,2019,534626,1.353480883,103.8788284
210,"118 HOLLAND AVENUE, SINGAPORE 278997",Small,Legislated,463.57,2020,278997,1.310563515,103.7961072
211,"118 HOLLAND AVENUE, SINGAPORE 278997",Small,Certified,493.87009648976874,2019,278997,1.310563515,103.7961072
212,"9 JURONG TOWN HALL ROAD, SINGAPORE 609431",Large,Platinum,65.27,2020,609431,1.328721793,103.7419323
213,"9 JURONG TOWN HALL ROAD, SINGAPORE 609431",Large,Platinum,77.15747333130143,2019,609431,1.328721793,103.7419323
214,"8 JURONG TOWN HALL ROAD, SINGAPORE 609434",Large,Platinum,128.02,2020,609434,1.331214998,103.7418731
215,"8 JURONG TOWN HALL ROAD, SINGAPORE 609434",Large,Platinum,145.05083181488493,2019,609434,1.331214998,103.7418731
216,"1 FUSIONOPOLIS WAY, SINGAPORE 138632",Omit,Platinum,197.49,2020,138632,1.299437367,103.7875767
217,"1 FUSIONOPOLIS WAY, SINGAPORE 138632",Large,Platinum,207.44903841042,2019,138632,1.299437367,103.7875767
218,"11 BIOPOLIS WAY, SINGAPORE 138667",Omit,GoldPlus,641.83,2020,138667,1.304480197,103.7917218
219,"11 BIOPOLIS WAY, SINGAPORE 138667",Large,GoldPlus,676.0925743901297,2019,138667,1.304480197,103.7917218
220,"2 FUSIONOPOLIS WAY, SINGAPORE 138634",Large,Platinum,503.36,2020,138634,1.298426244,103.7886979
221,"2 FUSIONOPOLIS WAY, SINGAPORE 138634",Large,Platinum,508.45496322190655,2019,138634,1.298426244,103.7886979
222,"4 FUSIONOPOLIS WAY, SINGAPORE 138635",Large,Platinum,290.53,2020,138635,1.298142784,103.7891486
223,"4 FUSIONOPOLIS WAY, SINGAPORE 138635",Large,Platinum,304.50314101983514,2019,138635,1.298142784,103.7891486
224,"320 ORCHARD ROAD, SINGAPORE 238865",Omit,Gold,200.66,2020,238865,1.305057593,103.8330609
225,"320 ORCHARD ROAD, SINGAPORE 238865",Large,Gold,253.84910592910174,2019,238865,1.305057593,103.8330609
226,"1 SENGKANG SQUARE, SINGAPORE 545078",Large,Gold,518.74,2020,545078,1.392052779,103.8950701
227,"1 SENGKANG SQUARE, SINGAPORE 545078",Large,Gold,544.9795064861086,2019,545078,1.392052779,103.8950701
228,"9 RAFFLES BOULEVARD, SINGAPORE 039596",Omit,Gold,241.77,2020,39596,1.292605445,103.8597249
229,"3 TEMASEK AVENUE, SINGAPORE 039190",Large,GoldPlus,167.8,2020,39190,1.29350314,103.8602667
230,"30 RAFFLES PLACE, SINGAPORE 048622",Small,Platinum,50.63,2020,48622,1.28421478,103.8520088
231,"10 ANSON ROAD, SINGAPORE 079903",Large,GoldPlus,139.98,2020,79903,1.274643978,103.8447416
232,"10 ANSON ROAD, SINGAPORE 079903",Large,GoldPlus,164.51506414883687,2019,79903,1.274643978,103.8447416
233,"101 CECIL STREET, SINGAPORE 069533",Large,Platinum,93.81,2020,69533,1.280980774,103.8494357
234,"101 CECIL STREET, SINGAPORE 069533",Large,Platinum,113.90631923244659,2019,69533,1.280980774,103.8494357
235,"2 FINLAYSON GREEN, SINGAPORE 049247",Large,Certified,176.95,2020,49247,1.282083769,103.8515597
236,"2 FINLAYSON GREEN, SINGAPORE 049247",Large,Certified,200.81021732381248,2019,49247,1.282083769,103.8515597
237,"260 ORCHARD ROAD, SINGAPORE 238855",Large,Platinum,198.72,2020,238855,1.302651529,103.8373672
238,"51 CUPPAGE ROAD, SINGAPORE 229469",Large,Gold,128.76,2020,229469,1.302853612,103.840156
239,"51 CUPPAGE ROAD, SINGAPORE 229469",Large,Gold,159.27876694161407,2019,229469,1.302853612,103.840156
240,"3 SIMEI STREET 6, SINGAPORE 528833",Large,Platinum,433.74,2020,528833,1.342706196,103.9530245
241,"30 PRINSEP STREET, SINGAPORE 188647",Small,Gold,167.05,2020,188647,1.299014528,103.8496101
242,"30 PRINSEP STREET, SINGAPORE 188647",Small,Gold,118.39380594629156,2019,188647,1.299014528,103.8496101
243,"33 SENGKANG WEST AVENUE, SINGAPORE 797653",Large,Gold,601.44,2020,797653,1.391470154,103.8761255
244,"33 SENGKANG WEST AVENUE, SINGAPORE 797653",Large,Gold,666.4908194259581,2019,797653,1.391470154,103.8761255
245,"1 RAFFLES PLACE, SINGAPORE 048616",Large,Gold,172.11,2020,48616,1.284349546,103.8510725
246,"1 RAFFLES PLACE, SINGAPORE 048616",Large,Gold,203.81861802589714,2019,48616,1.284349546,103.8510725
247,"1 NORTH BUONA VISTA DRIVE, SINGAPORE 138675",Large,Platinum,182.5,2020,138675,1.305419066,103.7906068
248,"1 NORTH BUONA VISTA DRIVE, SINGAPORE 138675",Large,Platinum,207.03407214592357,2019,138675,1.305419066,103.7906068
249,"1 PASIR RIS CLOSE, SINGAPORE 519599",Omit,Gold,229.67,2020,519599,1.380177501,103.9551507
250,"1 PASIR RIS CLOSE, SINGAPORE 519599",Large,Gold,291.6572503061046,2019,519599,1.380177501,103.9551507
251,"3 TAMPINES GRANDE, SINGAPORE 528799",Large,Certified,207.09,2020,528799,1.354633496,103.9418914
252,"3 TAMPINES GRANDE, SINGAPORE 528799",Large,Certified,267.75024437927664,2019,528799,1.354633496,103.9418914
253,"460 ALEXANDRA ROAD, SINGAPORE 119963",Large,GoldPlus,198.67,2020,119963,1.2739864,103.8012641
254,"460 ALEXANDRA ROAD, SINGAPORE 119963",Large,GoldPlus,229.3755924670434,2019,119963,1.2739864,103.8012641
255,"20 BIDEFORD ROAD, SINGAPORE 229921",Small,Platinum,172.75,2020,229921,1.303227965,103.8366804
256,"111 NORTH BRIDGE ROAD, SINGAPORE 179098",Large,Gold,135.19,2020,179098,1.292317648,103.8508034
257,"21 MOUNT ELIZABETH, SINGAPORE 228516",Large,Gold,117.68,2020,228516,1.307336164,103.8356788
258,"809 FRENCH ROAD, SINGAPORE 200809",Large,Gold,104.02,2020,200809,1.308327005,103.8620059
259,"500 JALAN SULTAN, SINGAPORE 199020",Large,Platinum,185.5,2020,199020,1.305773888,103.8603957
260,"70 JELLICOE ROAD, SINGAPORE 208767",Large,GoldPlus,330.76,2020,208767,1.3077968,103.862535
261,"41 BENCOOLEN STREET, SINGAPORE 189623",Small,GoldPlus,215.36,2020,189623,1.298985833,103.8500205
262,"48 BENCOOLEN STREET, SINGAPORE 189627",Small,GoldPlus,289.17,2020,189627,1.298943863,103.8507632
263,"50 JURONG GATEWAY ROAD, SINGAPORE 608549",Large,Platinum,312.17,2020,608549,1.333293345,103.7432787
264,"50 JURONG GATEWAY ROAD, SINGAPORE 608549",Large,Platinum,328.78222503674806,2019,608549,1.333293345,103.7432787
265,"50 SCOTTS ROAD, SINGAPORE 228242",Small,Gold,202.68,2020,228242,1.310892089,103.8370874
266,"50 SCOTTS ROAD, SINGAPORE 228242",Small,Gold,236.71782262229763,2019,228242,1.310892089,103.8370874
267,"1 PICKERING STREET, SINGAPORE 048659",Omit,Platinum,127.65,2020,48659,1.284823661,103.8476661
268,"1 PICKERING STREET, SINGAPORE 048659",Large,Certified,152.97348044458911,2019,48659,1.284823661,103.8476661
269,"3 COLEMAN STREET, SINGAPORE 179804",Omit,GoldPlus,169.77,2020,179804,1.291807896,103.8502726
270,"3 COLEMAN STREET, SINGAPORE 179804",Large,GoldPlus,229.88245712509953,2019,179804,1.291807896,103.8502726
271,"1 FARRER PARK STATION ROAD, SINGAPORE 217562",Large,Platinum,374.96,2020,217562,1.31247324,103.8539295
272,"1 FARRER PARK STATION ROAD, SINGAPORE 217562",Large,Platinum,398.2772533365314,2019,217562,1.31247324,103.8539295
273,"30 HILL STREET, SINGAPORE 179360",Small,Gold,161.85,2020,179360,1.293606063,103.8495261
274,"30 HILL STREET, SINGAPORE 179360",Small,Gold,188.73645751290803,2019,179360,1.293606063,103.8495261
275,"101 UPPER CROSS STREET, SINGAPORE 058357",Large,Gold,172.04,2020,58357,1.2857701,103.8439801
276,"20 UPPER CIRCULAR ROAD, SINGAPORE 058416",Large,Certified,225.74,2020,58416,1.288972097,103.8484598
277,"20 UPPER CIRCULAR ROAD, SINGAPORE 058416",Large,Certified,246.0936059907834,2019,58416,1.288972097,103.8484598
278,"3 TEMASEK BOULEVARD, SINGAPORE 038983",Omit,Gold,220.6,2020,38983,1.295931895,103.8590144
279,"1 FUSIONOPOLIS PLACE, SINGAPORE 138522",Large,Platinum,147.99,2020,138522,1.299862514,103.788101
280,"1 FUSIONOPOLIS PLACE, SINGAPORE 138522",Large,Platinum,180.33991632650097,2019,138522,1.299862514,103.788101
281,"170 UPPER BUKIT TIMAH ROAD, SINGAPORE 588179",Large,Gold,122.47,2020,588179,1.343164753,103.7760314
282,"170 UPPER BUKIT TIMAH ROAD, SINGAPORE 588179",Large,Gold,149.59460863765213,2019,588179,1.343164753,103.7760314
283,"80 RAFFLES PLACE, SINGAPORE 048624",Large,GoldPlus,237.65,2020,48624,1.285406568,103.8505675
284,"80 RAFFLES PLACE, SINGAPORE 048624",Large,GoldPlus,270.11209488139826,2019,48624,1.285406568,103.8505675
285,"396 ALEXANDRA ROAD, SINGAPORE 119954",Large,GoldPlus,712.95,2020,119954,1.277924597,103.8022644
286,"396 ALEXANDRA ROAD, SINGAPORE 119954",Large,GoldPlus,749.1887577537826,2019,119954,1.277924597,103.8022644
287,"168 JALAN BUKIT MERAH, SINGAPORE 150168",Large,Platinum,167.68,2020,150168,1.282932313,103.8187986
288,"490 LORONG 6 TOA PAYOH, SINGAPORE 310490",Large,Platinum,217.27,2020,310490,1.332567882,103.8484188
289,"9 KING GEORGES AVENUE, SINGAPORE 208581",Small,GoldPlus,114.68,2020,208581,1.30862467,103.8592868
290,"160 ROBINSON ROAD, SINGAPORE 068914",Large,Platinum,149.89,2020,68914,1.27812791,103.8478546
291,"160 ROBINSON ROAD, SINGAPORE 068914",Large,Platinum,171.07297066231507,2019,68914,1.27812791,103.8478546
292,"60 PAYA LEBAR ROAD, SINGAPORE 409051",Large,GoldPlus,213.32,2020,409051,1.31881487,103.8925808
293,"60 PAYA LEBAR ROAD, SINGAPORE 409051",Large,GoldPlus,249.58484865828333,2019,409051,1.31881487,103.8925808
294,"111 MIDDLE ROAD, SINGAPORE 188969",Small,Platinum,154.83,2020,188969,1.298479436,103.8535013
295,"111 MIDDLE ROAD, SINGAPORE 188969",Small,Platinum,215.4961539440204,2019,188969,1.298479436,103.8535013
296,"5 ANG MO KIO CENTRAL 2, SINGAPORE 569663",Small,Legislated,343.45,2020,569663,1.37286218,103.847645
297,"5 ANG MO KIO CENTRAL 2, SINGAPORE 569663",Small,Certified,418.03895159709975,2019,569663,1.37286218,103.847645
298,"445 BEDOK NORTH STREET 1, SINGAPORE 469661",Small,Legislated,304.15,2020,469661,1.326119703,103.9295545
299,"47 SCOTTS ROAD, SINGAPORE 228233",Large,Gold,145.51,2020,228233,1.312347355,103.8370847
300,"47 SCOTTS ROAD, SINGAPORE 228233",Large,Gold,196.27018635980914,2019,228233,1.312347355,103.8370847
301,"210 MIDDLE ROAD, SINGAPORE 188994",Small,GoldPlus,227.26,2020,188994,1.301173421,103.8512746
302,"210 MIDDLE ROAD, SINGAPORE 188994",Small,GoldPlus,272.4712544775551,2019,188994,1.301173421,103.8512746
303,"360 ORCHARD ROAD, SINGAPORE 238869",Large,GoldPlus,471.23,2020,238869,1.30607516,103.8310033
304,"360 ORCHARD ROAD, SINGAPORE 238869",Large,GoldPlus,544.8496233706687,2019,238869,1.30607516,103.8310033
305,"30 HENG MUI KENG TERRACE, SINGAPORE 119614",Small,Platinum,100.56,2020,119614,1.290971887,103.7769511
306,"30 HENG MUI KENG TERRACE, SINGAPORE 119614",Small,Platinum,121.06749645820685,2019,119614,1.290971887,103.7769511
307,"3155 COMMONWEALTH AVENUE WEST, SINGAPORE 129588",Large,Gold,549.75,2020,129588,1.314896196,103.7644231
308,"3155 COMMONWEALTH AVENUE WEST, SINGAPORE 129588",Large,Gold,637.6827871283458,2019,129588,1.314896196,103.7644231
309,"290 ORCHARD ROAD, SINGAPORE 238859",Large,Certified,321.0,2020,238859,1.303872309,103.8358575
310,"290 ORCHARD ROAD, SINGAPORE 238859",Large,Certified,370.20852711535815,2019,238859,1.303872309,103.8358575
311,"8 MARINA VIEW, SINGAPORE 018960",Large,Platinum,145.29,2020,18960,1.278941023,103.8512559
312,"8 MARINA VIEW, SINGAPORE 018960",Large,Platinum,167.45665980089254,2019,18960,1.278941023,103.8512559
313,"2 HARBOURFRONT PLACE, SINGAPORE 098499",Large,GoldPlus,347.65,2020,98499,1.265812808,103.818869
314,"2 HARBOURFRONT PLACE, SINGAPORE 098499",Large,GoldPlus,410.21151307103247,2019,98499,1.265812808,103.818869
315,"39 SCOTTS ROAD, SINGAPORE 228230",Large,Platinum,206.19,2020,228230,1.311950535,103.8364621
316,"39 SCOTTS ROAD, SINGAPORE 228230",Large,Platinum,250.2650685370228,2019,228230,1.311950535,103.8364621
317,"2 TOWN HALL LINK, SINGAPORE 608516",Large,Platinum,202.58,2020,608516,1.331538044,103.7393402
318,"2 TOWN HALL LINK, SINGAPORE 608516",Large,Platinum,239.25624797618426,2019,608516,1.331538044,103.7393402
319,"8 SENTOSA GATEWAY, SINGAPORE 098269",Large,Platinum,333.65,2020,98269,1.255005796,103.8202592
320,"8 SENTOSA GATEWAY, SINGAPORE 098269",Large,Platinum,466.60772011661805,2019,98269,1.255005796,103.8202592
321,"311 NEW UPPER CHANGI ROAD, SINGAPORE 467360",Large,Platinum,589.3,2020,467360,1.324772074,103.9292677
322,"311 NEW UPPER CHANGI ROAD, SINGAPORE 467360",Large,Platinum,658.3443356620945,2019,467360,1.324772074,103.9292677
323,"111 SOMERSET ROAD, SINGAPORE 238164",Small,GoldPlus,157.23,2020,238164,1.300206225,103.8373171
324,"111 SOMERSET ROAD, SINGAPORE 238164",Large,GoldPlus,163.03162824439787,2019,238164,1.300206225,103.8373171
325,"8 SHENTON WAY, SINGAPORE 068811",Large,Platinum,124.42,2020,68811,1.275730918,103.8472196
326,"8 SHENTON WAY, SINGAPORE 068811",Large,Platinum,157.99639215686275,2019,68811,1.275730918,103.8472196
327,"7500A BEACH ROAD, SINGAPORE 199591",Omit,Gold,219.98,2020,199591,1.299453745,103.8600702
328,"7500A BEACH ROAD, SINGAPORE 199591",Large,Gold,256.5142863215633,2019,199591,1.299453745,103.8600702
329,"60 ANSON ROAD, SINGAPORE 079914",Large,Platinum,174.82,2020,79914,1.274816302,103.8451774
330,"60 ANSON ROAD, SINGAPORE 079914",Large,Platinum,195.6080713464397,2019,79914,1.274816302,103.8451774
331,"17 PETIR ROAD, SINGAPORE 678278",Large,Legislated,684.22,2020,678278,1.378431008,103.7628428
332,"17 PETIR ROAD, SINGAPORE 678278",Large,Certified,780.77089457802,2019,678278,1.378431008,103.7628428
333,"1 JALAN ANAK BUKIT, SINGAPORE 588996",Large,Gold,339.12,2020,588996,1.338759307,103.7786001
334,"1 JALAN ANAK BUKIT, SINGAPORE 588996",Large,Gold,365.1876943970201,2019,588996,1.338759307,103.7786001
335,"122 MIDDLE ROAD, SINGAPORE 188973",Small,Legislated,335.69,2020,188973,1.299609216,103.8531188
336,"122 MIDDLE ROAD, SINGAPORE 188973",Large,Certified,487.4876972854862,2019,188973,1.299609216,103.8531188
337,"53 ANG MO KIO AVENUE 3, SINGAPORE 569933",Large,GoldPlus,439.49,2020,569933,1.369184176,103.8484107
338,"53 ANG MO KIO AVENUE 3, SINGAPORE 569933",Large,GoldPlus,483.6586802581831,2019,569933,1.369184176,103.8484107
339,"390 HAVELOCK ROAD, SINGAPORE 169662",Small,Platinum,167.28,2020,169662,1.289598993,103.8357629
340,"390 HAVELOCK ROAD, SINGAPORE 169662",Small,Platinum,188.23016678953186,2019,169662,1.289598993,103.8357629
341,"9 RAFFLES PLACE, SINGAPORE 048619",Large,Platinum,183.13,2020,48619,1.283483637,103.850574
342,"9 RAFFLES PLACE, SINGAPORE 048619",Large,Platinum,202.80916604791122,2019,48619,1.283483637,103.850574
343,"1 MAGAZINE ROAD, SINGAPORE 059567",Large,Platinum,139.97,2020,59567,1.288428487,103.8423003
344,"1 MAGAZINE ROAD, SINGAPORE 059567",Large,Platinum,168.64776713805568,2019,59567,1.288428487,103.8423003
345,"180 KITCHENER ROAD, SINGAPORE 208539",Large,Platinum,342.28,2020,208539,1.311421144,103.8566246
346,"180 KITCHENER ROAD, SINGAPORE 208539",Large,Platinum,398.49483546617915,2019,208539,1.311421144,103.8566246
347,"3 CHANGI BUSINESS PARK CENTRAL 1, SINGAPORE 486037",Large,GoldPlus,244.08,2020,486037,1.334265566,103.9635838
348,"3 CHANGI BUSINESS PARK CENTRAL 1, SINGAPORE 486037",Large,GoldPlus,239.91134440052699,2019,486037,1.334265566,103.9635838
349,"6 SHENTON WAY, SINGAPORE 068809",Large,Gold,159.58,2020,68809,1.276980707,103.8484086
350,"6 SHENTON WAY, SINGAPORE 068809",Large,Certified,183.0786739046142,2019,68809,1.276980707,103.8484086
351,"548 WOODLANDS DRIVE 44, SINGAPORE 730548",Small,Gold,459.87,2020,730548,1.430897146,103.7939274
352,"548 WOODLANDS DRIVE 44, SINGAPORE 730548",Small,Gold,446.5339884547069,2019,730548,1.430897146,103.7939274
353,"1 GEORGE STREET, SINGAPORE 049145",Large,GoldPlus,188.57,2020,49145,1.285694085,103.84782
354,"1 GEORGE STREET, SINGAPORE 049145",Large,GoldPlus,214.99488008362206,2019,49145,1.285694085,103.84782
355,"12 MARINA VIEW, SINGAPORE 018961",Large,Platinum,161.14,2020,18961,1.2782295,103.8508125
356,"12 MARINA VIEW, SINGAPORE 018961",Large,Platinum,205.8557935647144,2019,18961,1.2782295,103.8508125
357,"6 BATTERY ROAD, SINGAPORE 049909",Large,Platinum,127.09,2020,49909,1.285466339,103.8517641
358,"21 COLLYER QUAY, SINGAPORE 049320",Large,Platinum,83.41,2020,49320,1.285080562,103.8528007
359,"168 ROBINSON ROAD, SINGAPORE 068912",Large,Platinum,209.61,2020,68912,1.277628774,103.8475716
360,"168 ROBINSON ROAD, SINGAPORE 068912",Large,Platinum,246.10154884621423,2019,68912,1.277628774,103.8475716
361,"1 ORCHARD SPRING LANE, SINGAPORE 247729",Large,Platinum,143.33,2020,247729,1.303665838,103.8239984
362,"1 ORCHARD SPRING LANE, SINGAPORE 247729",Large,Platinum,154.5835253468959,2019,247729,1.303665838,103.8239984
363,"405 HAVELOCK ROAD, SINGAPORE 169633",Large,Platinum,209.13,2020,169633,1.287692856,103.83616
364,"405 HAVELOCK ROAD, SINGAPORE 169633",Large,Platinum,253.6228240617514,2019,169633,1.287692856,103.83616
365,"45 MAXWELL ROAD, SINGAPORE 069118",Large,Platinum,138.5,2020,69118,1.279575376,103.8453131
366,"45 MAXWELL ROAD, SINGAPORE 069118",Large,Platinum,157.0646052949373,2019,69118,1.279575376,103.8453131
367,"18 CROSS STREET, SINGAPORE 048423",Omit,Gold,202.56,2020,48423,1.283554261,103.8468829
368,"26 AYER RAJAH CRESCENT, SINGAPORE 139944",Large,Platinum,492.73,2020,139944,1.295606366,103.791257
369,"26 AYER RAJAH CRESCENT, SINGAPORE 139944",Large,Platinum,516.4016267123287,2019,139944,1.295606366,103.791257
370,"80 MARINE PARADE ROAD, SINGAPORE 449269",Large,Platinum,249.48,2020,449269,1.301069755,103.9052795
371,"80 MARINE PARADE ROAD, SINGAPORE 449269",Large,Platinum,326.11017583727227,2019,449269,1.301069755,103.9052795
372,"20 ANSON ROAD, SINGAPORE 079912",Large,Platinum,189.65,2020,79912,1.275368981,103.8456465
373,"20 ANSON ROAD, SINGAPORE 079912",Large,Platinum,209.33499871893414,2019,79912,1.275368981,103.8456465
374,"399 YUNG SHENG ROAD, SINGAPORE 610399",Small,Gold,381.7,2020,610399,1.334844875,103.720462
375,"399 YUNG SHENG ROAD, SINGAPORE 610399",Small,Gold,401.99289763113364,2019,610399,1.334844875,103.720462
376,"1 WOODLANDS SQUARE, SINGAPORE 738099",Large,Platinum,442.79,2020,738099,1.436070059,103.7859815
377,"1 WOODLANDS SQUARE, SINGAPORE 738099",Large,Platinum,481.3549358426005,2019,738099,1.436070059,103.7859815
378,"1 BUKIT BATOK CENTRAL LINK, SINGAPORE 658713",Large,Gold,426.19,2020,658713,1.350019209,103.7492448
379,"1 BUKIT BATOK CENTRAL LINK, SINGAPORE 658713",Large,Gold,476.870813001406,2019,658713,1.350019209,103.7492448
380,"218 ORCHARD ROAD, SINGAPORE 238851",Small,Gold,274.9,2020,238851,1.30160117,103.8388689
381,"1 HARBOURFRONT AVENUE, SINGAPORE 098632",Large,Platinum,125.4,2020,98632,1.264842838,103.8182907
382,"1 HARBOURFRONT AVENUE, SINGAPORE 098632",Large,Platinum,149.40213910133843,2019,98632,1.264842838,103.8182907
383,"1 TAMPINES WALK, SINGAPORE 528523",Large,Platinum,215.47,2020,528523,1.353133574,103.9404082
384,"1 TAMPINES WALK, SINGAPORE528523",Large,Platinum,217.51760674521674,2019,528523,1.353133574,103.9404082
385,"10 WOODLANDS AVENUE 8, SINGAPORE 738973",Large,Platinum,53.6,2020,738973,1.454287141,103.8002621
386,"83 PUNGGOL CENTRAL, SINGAPORE 828761",Large,GoldPlus,529.9,2020,828761,1.406484621,103.9021057
387,"1 JELEBU ROAD, SINGAPORE 677743",Large,GoldPlus,546.18,2020,677743,1.379920452,103.7643572
388,"75 AIRPORT BOULEVARD, SINGAPORE 819664",Large,Certified,197.67,2020,819664,1.358720448,103.9879672
389,"438 ALEXANDRA ROAD, SINGAPORE 119958",Large,Platinum,106.45,2020,119958,1.277281391,103.8020841
390,"438 ALEXANDRA ROAD, SINGAPORE 119958",Large,Platinum,128.65151636874876,2019,119958,1.277281391,103.8020841
391,"1 JURONG WEST CENTRAL 2, SINGAPORE 648886",Large,Platinum,439.37,2020,648886,1.339452717,103.706685
392,"1 NANSON ROAD, SINGAPORE 238909",Small,Legislated,377.76,2020,238909,1.290047037,103.8386133
393,"1 NANSON ROAD, SINGAPORE 238909",Large,Certified,397.6466241949034,2019,238909,1.290047037,103.8386133
394,"11 CAVENAGH ROAD, SINGAPORE 229616",Large,Gold,822.63,2020,229616,1.302279126,103.8411016
395,"491 RIVER VALLEY ROAD, SINGAPORE 248371",Large,Gold,384.92,2020,248371,1.293036009,103.8270691
396,"491 RIVER VALLEY ROAD, SINGAPORE 248371",Large,Gold,423.67710966985453,2019,248371,1.293036009,103.8270691
397,"20 MERCHANT ROAD, SINGAPORE 058281",Large,Platinum,159.57,2020,58281,1.288218028,103.8456923
398,"20 MERCHANT ROAD, SINGAPORE 058281",Large,Platinum,205.15446470804645,2019,58281,1.288218028,103.8456923
399,"900 SOUTH WOODLANDS DRIVE, SINGAPORE 730900",Large,Platinum,212.22,2020,730900,1.435018296,103.7869309
400,"900 SOUTH WOODLANDS DRIVE, SINGAPORE 730900",Large,Platinum,199.71277782126552,2019,730900,1.435018296,103.7869309
401,"3 NANSON ROAD, SINGAPORE 238910",Small,Gold,357.94,2020,238910,1.290802534,103.8391513
402,"3 NANSON ROAD, SINGAPORE 238910",Large,Gold,466.7043068168059,2019,238910,1.290802534,103.8391513
403,"5 STRAITS VIEW, SINGAPORE 018935",Large,Platinum,105.46,2020,18935,1.277372351,103.8528448
404,"1 SHERWOOD ROAD, SINGAPORE 248163",Large,Gold,204.29,2020,248163,1.303640405,103.8179957
405,"14 SCOTTS ROAD, SINGAPORE 228213",Large,GoldPlus,292.09,2020,228213,1.307176981,103.8337929
406,"14 SCOTTS ROAD, SINGAPORE 228213",Large,GoldPlus,334.5948666224937,2019,228213,1.307176981,103.8337929
407,"21 OCEAN WAY, SINGAPORE 098374",Large,Platinum,335.27,2020,98374,1.246152025,103.8426985
408,"21 OCEAN WAY, SINGAPORE 098374",Large,Platinum,402.6491386554622,2019,98374,1.246152025,103.8426985
409,"10 TAMPINES CENTRAL 1, SINGAPORE 529536",Large,GoldPlus,416.07,2020,529536,1.354256378,103.9450718
410,"10 TAMPINES CENTRAL 1, SINGAPORE 529536",Large,GoldPlus,466.104335047759,2019,529536,1.354256378,103.9450718
411,"2 TAMPINES CENTRAL 5, SINGAPORE 529509",Large,Platinum,403.35,2020,529509,1.352368296,103.9438123
412,"2 TAMPINES CENTRAL 5, SINGAPORE 529509",Large,Platinum,478.9306342105263,2019,529509,1.352368296,103.9438123
413,"182 CECIL STREET, SINGAPORE 069547",Large,Platinum,153.6,2020,69547,1.278843463,103.8472922
414,"25 SCOTTS ROAD, SINGAPORE 228220",Large,Gold,200.15,2020,228220,1.307089324,103.8314458
415,"1 GOPENG STREET, SINGAPORE 078862",Large,Platinum,221.59,2020,78862,1.275958464,103.8436985
416,"1 GOPENG STREET, SINGAPORE 078862",Large,Platinum,270.47410358565736,2019,78862,1.275958464,103.8436985
417,"3 SECOND HOSPITAL AVENUE, SINGAPORE 168937",Large,Platinum,148.4,2020,168937,1.279602207,103.8383462
418,"9 BATTERY ROAD, SINGAPORE 049910",Large,Gold,116.01,2020,49910,1.285130993,103.852345
419,"9 BATTERY ROAD, SINGAPORE 049910",Large,Gold,170.90404632372744,2019,49910,1.285130993,103.852345
420,"31 ROCHESTER DRIVE, SINGAPORE 138637",Large,Gold,153.17,2020,138637,1.305351212,103.7883474
421,"31 ROCHESTER DRIVE, SINGAPORE 138637",Large,Gold,166.83946824850378,2019,138637,1.305351212,103.7883474
422,"11 TAMPINES CONCOURSE, SINGAPORE 528729",Small,GoldPlus,147.07,2020,528729,1.356334661,103.9408934
423,"11 TAMPINES CONCOURSE, SINGAPORE 528729",Small,GoldPlus,191.94462934027777,2019,528729,1.356334661,103.9408934
424,"68 ORCHARD ROAD, SINGAPORE 238839",Large,Gold,331.67,2020,238839,1.300747553,103.8450476
425,"29 TANGLIN ROAD, SINGAPORE 247911",Large,GoldPlus,298.57,2020,247911,1.305661279,103.8260533
426,"30 VICTORIA STREET, SINGAPORE 187996",Large,Legislated,53.5,2020,187996,1.29479671,103.8525734
427,"30 VICTORIA STREET, SINGAPORE 187996",Large,Certified,68.33918029626028,2019,187996,1.29479671,103.8525734
428,"300 TAMPINES AVENUE 5, SINGAPORE 529653",Large,GoldPlus,170.33,2020,529653,1.352336016,103.9419433
429,"300 TAMPINES AVENUE 5, SINGAPORE 529653",Large,GoldPlus,202.3675764080548,2019,529653,1.352336016,103.9419433
430,"190 ORCHARD BOULEVARD, SINGAPORE 248646",Large,Certified,225.88,2020,248646,1.305174713,103.8286611
431,"36 ARMENIAN STREET, SINGAPORE 179934",Small,Certified,82.2,2020,179934,1.294021307,103.8496418
432,"36 ARMENIAN STREET, SINGAPORE 179934",Small,Certified,96.86920691408235,2019,179934,1.294021307,103.8496418
433,"1 COLEMAN STREET, SINGAPORE 179803",Large,Platinum,127.61,2020,179803,1.291185012,103.8511842
434,"1 COLEMAN STREET, SINGAPORE 179803",Large,Platinum,152.19167549443603,2019,179803,1.291185012,103.8511842
435,"138 MARKET STREET, SINGAPORE 048946",Large,Platinum,156.31,2020,48946,1.281858036,103.8500838
436,"138 MARKET STREET, SINGAPORE 048946",Large,Platinum,179.50278648342135,2019,48946,1.281858036,103.8500838
437,"90 ROBERTSON QUAY, SINGAPORE 238259",Small,Platinum,326.76,2020,238259,1.290834126,103.8372804
438,"401 MACPHERSON ROAD, SINGAPORE 368125",Small,Legislated,191.18,2020,368125,1.331770545,103.8792945
439,"401 MACPHERSON ROAD, SINGAPORE 368125",Small,Certified,232.35980427582052,2019,368125,1.331770545,103.8792945
440,"11 TANJONG KATONG ROAD, SINGAPORE 437157",Large,Gold,360.79,2020,437157,1.314618499,103.894738
441,"277 ORCHARD ROAD, SINGAPORE 238858",Large,Platinum,302.62,2020,238858,1.300489121,103.8393251
442,"277 ORCHARD ROAD, SINGAPORE 238858",Large,Platinum,369.8760243357338,2019,238858,1.300489121,103.8393251
443,"2 VENTURE DRIVE, SINGAPORE 608526",Large,GoldPlus,121.2,2020,608526,1.330151721,103.7445746
444,"2 VENTURE DRIVE, SINGAPORE 608526",Large,GoldPlus,125.908063566804,2019,608526,1.330151721,103.7445746
445,"3A INTERNATIONAL BUSINESS PARK, SINGAPORE 609935",Large,GoldPlus,96.04966646408168,2019,609935,1.327114139,103.7492534
446,"3 INTERNATIONAL BUSINESS PARK, SINGAPORE 609927",Large,GoldPlus,115.27527979420678,2019,609927,1.327024848,103.7483555
447,"1A INTERNATIONAL BUSINESS PARK, SINGAPORE 609933",Large,Gold,115.41546050984124,2019,609933,1.327837989,103.7479504
448,"2 INTERNATIONAL BUSINESS PARK, SINGAPORE 609930",Large,GoldPlus,136.47881846519223,2019,609930,1.329690469,103.7469606
449,"6001 BEACH ROAD, SINGAPORE 199589",Large,Gold,156.3823200407354,2019,199589,1.301891747,103.8641407
450,"80 ANSON ROAD, SINGAPORE 079907",Large,Platinum,157.0052004600723,2019,79907,1.273164327,103.8436502
451,"30 CECIL STREET, SINGAPORE 049712",Large,GoldPlus,159.2055453265461,2019,49712,1.282797096,103.8498877
452,"3 CLEANTECH LOOP, SINGAPORE 637143",Large,Platinum,168.1648116522126,2019,637143,1.355230533,103.6934474
453,"21 BIOPOLIS ROAD, SINGAPORE 138567",Large,Gold,177.65952483038663,2019,138567,1.292384244,103.7946858
454,"3 BIOPOLIS DRIVE, SINGAPORE 138623",Large,Gold,188.06822412509308,2019,138623,1.301596957,103.7933292
455,"138 ROBINSON ROAD, SINGAPORE 068906",Large,Certified,188.90800819526098,2019,68906,1.278706192,103.8484191
456,"16 COLLYER QUAY, SINGAPORE 049318",Large,GoldPlus,225.9915535288631,2019,49318,1.284187856,103.8525474
457,"8 WILKIE ROAD, SINGAPORE 228095",Large,Gold,274.80595062390984,2019,228095,1.302122027,103.8495113
458,"50 COLLYER QUAY, SINGAPORE 049321",Large,Gold,288.1138442521632,2019,49321,1.28316691,103.8529683
459,"3 FRASER STREET, SINGAPORE 189352",Large,Platinum,298.3607613469985,2019,189352,1.29916296,103.8578595
460,"1 CLEANTECH LOOP, SINGAPORE 637141",Large,Platinum,302.22013923611115,2019,637141,1.355398282,103.6923795
461,"2 CLEANTECH LOOP, SINGAPORE 637144",Small,Platinum,66.41025641025641,2019,637144,1.35430497,103.6923539
462,"171 CHIN SWEE ROAD, SINGAPORE 169877",Small,Certified,107.53479800865094,2019,169877,1.286746033,103.8402148
463,"420 NORTH BRIDGE ROAD, SINGAPORE 188727",Small,Gold,143.56048996071584,2019,188727,1.297199478,103.8549441
464,"177A RIVER VALLEY ROAD, SINGAPORE 179031",Large,GoldPlus,241.9807254448648,2019,179031,1.291490199,103.8446689
465,"99 IRRAWADDY ROAD, SINGAPORE 329568",Large,Platinum,242.47850436947053,2019,329568,1.320571566,103.8432193
466,"1 PARK ROAD, SINGAPORE 059108",Large,Gold,254.45538017817375,2019,59108,1.28413391,103.8425196
467,"201 VICTORIA STREET, SINGAPORE 188067",Large,Platinum,469.67780230916793,2019,188067,1.299603702,103.8542423
468,"23 SERANGOON CENTRAL, SINGAPORE 556083",Large,Gold,483.66235561598137,2019,556083,1.350769352,103.8722961
469,"9 BISHAN PLACE, SINGAPORE 579837",Large,Platinum,511.10475373098745,2019,579837,1.350481979,103.8487608
470,"10 JALAN BESAR, SINGAPORE 208787",Large,GoldPlus,128.9677718250483,2019,208787,1.3037722,103.8546614
471,"60 ALBERT STREET, SINGAPORE 189969",Large,Gold,172.2037474731768,2019,189969,1.302281578,103.8538378
472,"545 ORCHARD ROAD, SINGAPORE 238882",Large,GoldPlus,228.3433276489313,2019,238882,1.305506108,103.8299848
473,"2 JURONG EAST STREET 21, SINGAPORE 609601",Large,GoldPlus,233.04568503022026,2019,609601,1.334875319,103.7468947
474,"230 VICTORIA STREET, SINGAPORE 188024",Large,Platinum,372.26583406172256,2019,188024,1.300117893,103.8561916
475,"2 ORCHARD LINK, SINGAPORE 237978",Small,Gold,328.35581208975725,2019,237978,1.301008753,103.8357274
476,"1 JURONG EAST STREET 21, SINGAPORE 609606",Uknown,Platinum,262.0864791770634,2019,609606,1.334682794,103.7442218
477,"5 HOSPITAL DRIVE, SINGAPORE 169609",Uknown,Platinum,311.8108275520317,2019,169609,1.278580597,103.8361194
478,"11 JALAN TAN TOCK SENG, SINGAPORE 308433",Uknown,Platinum,346.8673681137662,2019,308433,1.319499928,103.8499006
479,"585 NORTH BRIDGE ROAD, SINGAPORE 188770",Uknown,Certified,283.90037863564254,2019,188770,1.301181531,103.8574655
480,"820 THOMSON ROAD, SINGAPORE 574623",Uknown,Certified,327.9834629118444,2019,574623,1.341822826,103.8376012
481,"38 IRRAWADDY ROAD, SINGAPORE 329563",Uknown,Platinum,357.9344959822215,2019,329563,1.322146552,103.8442263
482,"17 ANG MO KIO AVENUE 9, SINGAPORE 569766",Uknown,Gold,194.185685347738,2019,569766,1.384032484,103.8403569
483,"10 BUANGKOK VIEW, SINGAPORE 539747",Uknown,GoldPlus,73.31923540169367,2019,539747,1.381594518,103.88521
484,"11 JALAN PENJARA, SINGAPORE 149380",Uknown,Certified,96.59636462882096,2019,149380,1.298150708,103.8080451
485,"832 THOMSON ROAD, SINGAPORE 574627",Uknown,Platinum,121.86544785644567,2019,574627,1.342441452,103.8388456
486,"1 NANYANG WALK, SINGAPORE 637616",Uknown,Platinum,78.19269836326833,2019,637616,1.348675868,103.679788
487,"461 CLEMENTI ROAD, SINGAPORE 599491",Uknown,GoldPlus,147.1547008974896,2019,599491,1.32958493,103.776237
488,"8 SOMAPAH ROAD, SINGAPORE 487372",Uknown,Platinum,190.32766196001933,2019,487372,1.340171637,103.9628601
489,"10 MEDICAL DRIVE, SINGAPORE 117597",Uknown,Platinum,296.68874937529733,2019,117597,1.295989111,103.7817842
490,"11 MANDALAY ROAD, SINGAPORE 308232",Uknown,Platinum,300.84482600178956,2019,308232,1.321619914,103.8488638
491,"50 NANYANG AVENUE, SINGAPORE 639798",Uknown,Platinum,617.7800299210879,2019,639798,1.342658164,103.6810014
492,"535 CLEMENTI ROAD, SINGAPORE 599489",Uknown,GoldPlus,81.3975637274285,2019,599489,1.331693318,103.7739072
493,"510 DOVER ROAD, SINGAPORE 139660",Uknown,Platinum,114.93716268656718,2019,139660,1.307849016,103.7778905
494,"21 TAMPINES AVENUE 1, SINGAPORE 529757",Uknown,Platinum,128.06546631820544,2019,529757,1.346390219,103.9314293
495,"500 DOVER ROAD, SINGAPORE 139651",Uknown,Platinum,129.6589220231094,2019,139651,1.310873234,103.7774398
496,"9 WOODLANDS AVENUE 9, SINGAPORE 738964",Uknown,Platinum,150.00914724176562,2019,738964,1.443763003,103.7842815
497,"80 BENCOOLEN STREET, SINGAPORE 189655",Uknown,Gold,246.8175,2019,189655,1.299463332,103.8511859
498,"151 BENCOOLEN STREET, SINGAPORE 189656",Uknown,Platinum,132.92851471476655,2019,189656,1.301284021,103.8519519
499,"10 SIMEI AVENUE, SINGAPORE 486047",Uknown,Platinum,96.98540721032938,2019,486047,1.334386913,103.9550508
500,"1 CHOA CHU KANG GROVE, SINGAPORE 688236",Uknown,Platinum,114.46449333850995,2019,688236,1.375274935,103.7524075
501,"1207 DOVER ROAD, SINGAPORE 139654",Uknown,Platinum,68.33647781484476,2019,139654,1.303020173,103.7751605
502,"1 TAMPINES STREET 73, SINGAPORE 528704",Uknown,Platinum,73.40527302631578,2019,528704,1.358091,103.9312922
503,"501 STIRLING ROAD, SINGAPORE 148951",Uknown,GoldPlus,111.61744,2019,148951,1.296766683,103.8016672
504,"11 EUNOS ROAD 8, SINGAPORE 408601",Uknown,Platinum,158.38433766666665,2019,408601,1.319698146,103.8923447
505,"1 AYER RAJAH AVENUE, SINGAPORE 138676",Uknown,Platinum,160.79987118145013,2019,138676,1.299752023,103.7864793
506,"1 MCNALLY STREET, SINGAPORE 187940",Uknown,Gold,176.8800259609748,2019,187940,1.302825025,103.8516003
507,"73 BRAS BASAH ROAD, SINGAPORE 189556",Uknown,Gold,234.0862729844413,2019,189556,1.296732462,103.8515012
508,"3 STADIUM DRIVE, SINGAPORE 397630",Uknown,GoldPlus,197.60338744230674,2019,397630,1.303093208,103.8750877
509,"48 BOON LAY WAY, SINGAPORE 609961",Uknown,GoldPlus,174.1972628174413,2019,609961,1.330862223,103.7486227
510,"28 HONG SAN TERRACE, SINGAPORE 688247",Uknown,GoldPlus,46.21983120706575,2019,688247,1.378058193,103.7454894
511,"1 ORCHARD ROAD, SINGAPORE 238824",Uknown,GoldPlus,116.771187141217,2019,238824,1.297599595,103.8481244
512,"1 ST. ANDREWS ROAD, SINGAPORE 178957",Uknown,GoldPlus,172.493605453784,2019,178957,1.290655338,103.851708
